store_nbr,MAE,RMSE,sMAPE,MASE
1,541.4849243164062,663.5122680664062,5.754438877105713,0.42575183510780334
2,641.1546020507812,788.2291259765625,4.449097156524658,0.307317316532135
3,1258.724609375,1475.3380126953125,3.71794056892395,0.2953883409500122
4,694.2335815429688,830.8958129882812,5.7315263748168945,0.40063968300819397
5,686.3038940429688,947.9309692382812,6.331268787384033,0.4992280602455139
6,954.9205322265625,1194.4420166015625,5.70429801940918,0.4235900342464447
7,644.8241577148438,976.4417114257812,3.259342908859253,0.30858656764030457
8,1045.2838134765625,1253.7164306640625,4.9640936851501465,0.4282861053943634
9,1350.9742431640625,1595.2032470703125,7.438176155090332,0.38629862666130066
10,978.6802368164062,1459.87646484375,15.499232292175293,0.8899672627449036
11,1559.886962890625,2122.432861328125,8.104305267333984,0.43773898482322693
12,1192.2916259765625,1754.1158447265625,13.841642379760742,1.132590651512146
13,874.4503173828125,1296.243408203125,13.006266593933105,0.7396435737609863
14,1366.0169677734375,1850.947265625,15.764613151550293,1.2166410684585571
15,538.4251708984375,613.7800903320312,7.2016825675964355,0.4886200428009033
16,901.6675415039062,1125.2523193359375,14.455750465393066,0.8078881502151489
17,812.3819580078125,1081.303466796875,5.971110820770264,0.4692756235599518
18,615.6166381835938,771.32080078125,6.007544040679932,0.4032428562641144
19,784.7413330078125,1118.9014892578125,8.029048919677734,0.6874490976333618
20,2930.922119140625,4201.08984375,17.24525260925293,1.394538164138794
21,2165.91650390625,2708.154541015625,15.672981262207031,1.9123948812484741
22,1007.4025268554688,1346.4920654296875,13.785015106201172,1.8657983541488647
23,446.9176940917969,619.59375,5.365115165710449,0.4696439802646637
24,1678.7110595703125,1932.5947265625,9.818415641784668,0.8361100554466248
25,1366.9305419921875,2235.983642578125,15.142472267150879,0.5831627249717712
26,940.86376953125,1204.9085693359375,18.714603424072266,0.6809722781181335
27,1727.8255615234375,2379.51611328125,10.50251579284668,1.108023762702942
28,2061.14990234375,2967.085693359375,13.057502746582031,0.9032263159751892
29,1686.973388671875,2348.450927734375,12.328398704528809,1.4997934103012085
30,1421.2056884765625,2092.0908203125,19.444360733032227,1.8403830528259277
31,1552.6719970703125,1918.8260498046875,11.122577667236328,0.79600590467453
32,1054.0272216796875,1233.8404541015625,22.00750160217285,1.2139509916305542
33,755.9430541992188,1372.195068359375,7.605339527130127,0.48673418164253235
34,850.0398559570312,1029.261962890625,8.283491134643555,0.5054345726966858
35,615.2958984375,898.239501953125,11.257619857788086,0.5666946768760681
36,1391.429931640625,1832.935791015625,11.735962867736816,0.8132677674293518
37,1295.144287109375,1513.424072265625,9.525768280029297,0.710042417049408
38,1693.5888671875,2155.652099609375,12.58694839477539,0.9480175375938416
39,2330.575439453125,2999.072998046875,14.504006385803223,1.0403472185134888
40,2623.609375,3858.35595703125,14.291230201721191,1.42759108543396
41,2206.53662109375,2640.334716796875,16.079933166503906,1.523026466369629
42,1095.8436279296875,1347.2696533203125,8.29599380493164,1.1875938177108765
43,1450.821533203125,1899.683349609375,9.39901351928711,0.8449525237083435
44,1814.728759765625,2517.117431640625,3.9185433387756348,0.30448147654533386
45,1988.168212890625,2378.12890625,5.14700984954834,0.35500577092170715
46,1673.8504638671875,2229.530029296875,5.830531597137451,0.33811795711517334
47,2204.478759765625,2783.150146484375,6.027585029602051,0.426761656999588
48,2383.552490234375,3062.762451171875,10.703293800354004,0.49917298555374146
49,1360.3927001953125,1685.2271728515625,4.190062522888184,0.35179436206817627
50,1300.4862060546875,1687.4757080078125,6.211904048919678,0.4817263185977936
51,1698.6025390625,2318.7294921875,7.035668849945068,0.6421694159507751
52,2483.724853515625,3561.43115234375,10.640003204345703,9.635422706604004
53,768.3280029296875,971.2611083984375,6.693542003631592,0.5980914235115051
54,1225.645751953125,1643.4508056640625,11.9465970993042,1.151155948638916
