store_nbr,date,mean,p10,p50,p90,actual
1,2017-07-19,13356.805,11842.076,13425.592,14306.227,12998.338
1,2017-07-20,10215.487,8972.95,10281.449,11622.598,10448.934
1,2017-07-21,11906.424,10169.022,11841.678,13392.343,12780.71
1,2017-07-22,9843.055,8651.889,9801.284,11292.26,11120.524
1,2017-07-23,5716.5825,3411.47,5766.6143,7476.426,5308.6367
1,2017-07-24,11101.942,9667.359,11189.889,12588.375,11094.851
1,2017-07-25,10646.747,9469.617,10674.404,12035.007,10329.443
1,2017-07-26,12730.805,11065.376,12806.565,14286.194,12579.233
1,2017-07-27,10001.12,8888.01,10010.494,11137.091,10078.642
1,2017-07-28,11340.767,9991.246,11213.743,12948.6875,11361.689
1,2017-07-29,9611.898,7694.999,9496.426,11235.986,10165.192
1,2017-07-30,5825.748,3720.7004,5891.837,7684.032,4950.216
1,2017-07-31,10626.286,9313.313,10782.06,12496.432,11626.725
1,2017-08-01,11997.633,8649.545,12761.213,14778.609,11829.89
2,2017-07-19,13933.687,12902.987,13971.156,14922.996,14665.683
2,2017-07-20,11353.883,9862.453,11408.9375,12742.521,11862.591
2,2017-07-21,14377.574,13128.921,14439.89,15709.256,15602.185
2,2017-07-22,17043.873,15619.74,17110.25,18520.988,16882.342
2,2017-07-23,18376.014,16433.14,18314.455,20219.848,17482.957
2,2017-07-24,13595.353,12367.457,13465.803,15154.902,14140.847
2,2017-07-25,12257.82,10952.702,12355.221,13497.33,12258.705
2,2017-07-26,12972.124,11746.21,12879.914,14302.125,14208.61
2,2017-07-27,11106.08,9681.214,11062.332,12520.679,11481.832
2,2017-07-28,13961.684,12489.754,14074.594,15387.993,15786.231
2,2017-07-29,16737.08,15030.341,16635.344,18525.967,17040.105
2,2017-07-30,18111.604,16406.168,17949.512,20166.041,17883.19
2,2017-07-31,13442.463,12246.736,13248.371,14813.295,13739.414
2,2017-08-01,15134.66,13016.879,15324.57,17450.809,14911.808
3,2017-07-19,35604.094,32556.127,35400.156,39254.188,36594.902
3,2017-07-20,27755.0,24318.79,28121.867,30538.1,30630.545
3,2017-07-21,34380.28,30932.125,34436.074,37081.94,35100.1
3,2017-07-22,41737.965,37407.547,42135.383,46136.434,41699.02
3,2017-07-23,43968.57,39808.348,43703.227,48740.004,44456.5
3,2017-07-24,33198.465,30330.688,33548.305,36035.023,34484.402
3,2017-07-25,30069.307,27876.145,29790.957,32960.504,28590.115
3,2017-07-26,33854.33,31116.945,33876.137,36609.523,34532.48
3,2017-07-27,26257.62,23479.049,26168.934,29118.924,27447.05
3,2017-07-28,33364.54,30134.906,33407.453,36316.305,36196.473
3,2017-07-29,41173.67,36995.97,41230.043,45224.38,41570.465
3,2017-07-30,45076.895,39699.09,45308.523,50354.195,46365.21
3,2017-07-31,32940.38,29760.814,32963.062,35928.043,34192.047
3,2017-08-01,36627.11,31115.605,37209.016,40767.6,34630.473
4,2017-07-19,12125.678,10735.918,11988.757,13569.695,12400.484
4,2017-07-20,9436.744,8164.4604,9201.99,11644.782,10864.451
4,2017-07-21,11711.741,10560.067,11593.574,12942.542,12968.836
4,2017-07-22,14661.1875,13295.833,14638.904,16379.461,14797.826
4,2017-07-23,17785.473,15417.396,17765.758,20427.834,16803.207
4,2017-07-24,11188.532,9849.886,11259.321,12926.77,11503.046
4,2017-07-25,9828.197,8733.039,9862.994,10978.419,11098.522
4,2017-07-26,11364.256,10354.992,11442.72,12503.152,10981.722
4,2017-07-27,8952.847,7620.7715,8953.82,10521.691,9235.236
4,2017-07-28,11268.918,9653.614,11328.12,12886.15,12113.509
4,2017-07-29,14593.037,12672.822,14437.414,16669.203,15201.179
4,2017-07-30,17163.592,14319.219,17405.043,20103.807,16855.299
4,2017-07-31,11469.398,9436.002,11496.973,13366.449,11622.438
4,2017-08-01,13365.983,10625.722,13250.129,16207.544,13952.446
5,2017-07-19,9989.445,8970.834,10111.338,10982.718,10524.57
5,2017-07-20,8587.89,7651.4243,8675.851,9608.604,9021.898
5,2017-07-21,9422.296,8217.192,9519.412,10380.657,9480.547
5,2017-07-22,10611.588,9453.201,10658.568,11636.046,10501.994
5,2017-07-23,11215.805,9763.976,11270.186,12537.102,13749.104
5,2017-07-24,10096.48,9381.217,9995.5625,10989.245,10674.6875
5,2017-07-25,8763.158,7874.2163,8769.645,9650.994,8460.934
5,2017-07-26,9316.72,8433.117,9299.912,10079.244,10294.048
5,2017-07-27,8179.4106,7198.4746,8113.9834,9288.42,7759.33
5,2017-07-28,9204.602,7997.7334,9134.184,10496.91,9643.47
5,2017-07-29,10704.749,9469.139,10595.379,11948.258,12108.967
5,2017-07-30,11356.591,9685.294,11526.818,12941.038,12830.42
5,2017-07-31,10361.107,9283.141,10359.496,11523.8125,10798.739
5,2017-08-01,11514.176,9445.824,11445.635,13513.208,11373.361
6,2017-07-19,15704.317,14065.86,15848.807,17130.855,16928.17
6,2017-07-20,13070.881,11543.387,13062.656,14622.102,13487.446
6,2017-07-21,15269.629,13671.483,15215.92,16700.89,16047.752
6,2017-07-22,20190.408,18262.846,20058.383,22119.23,18772.125
6,2017-07-23,23149.162,20419.664,23206.924,25593.424,23899.387
6,2017-07-24,16086.992,14381.3125,16108.281,17703.938,17374.002
6,2017-07-25,13730.688,12589.995,13845.291,14815.775,14737.556
6,2017-07-26,14648.934,13172.226,14610.385,15993.171,15865.929
6,2017-07-27,12546.461,10755.633,12630.824,14238.819,12717.114
6,2017-07-28,14318.801,12038.576,14395.934,16336.042,17561.799
6,2017-07-29,20835.205,18472.441,20823.041,22604.324,19965.162
6,2017-07-30,24170.922,21617.793,24204.387,26578.152,23744.982
6,2017-07-31,15665.424,13484.344,15738.3,17980.508,16645.941
6,2017-08-01,18076.996,15412.727,17811.934,21077.646,17648.361
7,2017-07-19,21691.73,19555.596,21694.832,24008.527,21383.332
7,2017-07-20,17086.045,15238.912,17087.875,19192.969,16835.305
7,2017-07-21,20146.404,17846.879,19881.145,23319.182,20697.125
7,2017-07-22,17911.94,15653.828,17834.43,20718.844,17461.334
7,2017-07-23,17215.2,14800.846,17246.191,19522.35,17483.562
7,2017-07-24,20020.695,18249.713,19973.309,21729.346,19245.967
7,2017-07-25,17573.256,15569.873,17656.844,19195.602,17689.451
7,2017-07-26,20645.39,18092.098,20690.857,22890.492,20285.586
7,2017-07-27,16675.738,14380.892,16814.654,18659.906,16108.923
7,2017-07-28,19850.63,17190.457,19577.36,22622.701,20050.057
7,2017-07-29,17889.506,14992.065,17730.592,21004.943,17502.986
7,2017-07-30,16972.27,14019.6045,17154.863,19742.842,17574.629
7,2017-07-31,19426.35,17546.635,19321.896,21395.125,20227.523
7,2017-08-01,23523.615,19865.482,23440.352,26947.45,20299.979
8,2017-07-19,22080.525,19877.355,22116.617,24220.61,23141.443
8,2017-07-20,16250.938,14325.883,16152.025,18081.367,17662.281
8,2017-07-21,20643.523,18760.0,20565.46,22679.668,22213.258
8,2017-07-22,26221.955,23293.752,26249.547,29073.762,25998.145
8,2017-07-23,28093.447,24504.516,28269.414,31204.283,27287.678
8,2017-07-24,19149.41,17215.266,19273.898,20951.326,18846.584
8,2017-07-25,17005.588,14960.976,16953.979,18881.547,17114.768
8,2017-07-26,20511.69,18840.205,20480.121,22441.885,20218.613
8,2017-07-27,15478.004,13928.588,15502.146,17266.176,14792.681
8,2017-07-28,20763.889,18454.307,20586.871,23245.158,22247.201
8,2017-07-29,25072.03,22415.133,24894.984,27590.754,25576.576
8,2017-07-30,26906.457,23110.355,27191.123,30598.47,26197.193
8,2017-07-31,19251.178,17256.094,19108.562,21258.832,20723.148
8,2017-08-01,23317.018,18302.238,23201.473,28521.562,20493.031
9,2017-07-19,14361.826,13000.158,14188.64,15843.875,12961.084
9,2017-07-20,13765.506,12012.873,13959.365,15223.723,13296.092
9,2017-07-21,13743.126,11818.233,13797.172,15527.672,14588.607
9,2017-07-22,19640.645,17897.102,19698.088,21341.002,18899.914
9,2017-07-23,22086.63,19375.793,22230.414,24804.203,20160.857
9,2017-07-24,16964.541,15042.315,16980.057,18667.71,14709.973
9,2017-07-25,15000.415,13709.249,15039.602,16282.212,15734.129
9,2017-07-26,13080.398,11639.918,12949.455,14431.408,11941.168
9,2017-07-27,12924.232,11291.344,12794.641,14540.913,13218.337
9,2017-07-28,13877.775,12037.669,13790.58,16173.433,14229.088
9,2017-07-29,21435.027,18816.666,21652.14,23736.365,20919.781
9,2017-07-30,25494.592,21191.848,25241.625,28912.656,22259.89
9,2017-07-31,18449.385,16009.221,18332.48,20930.367,20525.879
9,2017-08-01,25138.818,19552.85,24552.354,29815.229,27173.402
10,2017-07-19,5291.4277,4764.0645,5241.768,5874.7085,5311.674
10,2017-07-20,4962.5186,4399.5723,4932.704,5648.1,5465.202
10,2017-07-21,4805.7495,4188.0044,4857.7607,5319.5874,5098.894
10,2017-07-22,6661.7705,6045.245,6693.1055,7289.335,6416.952
10,2017-07-23,6753.814,5813.7573,6843.4697,7701.7305,6378.535
10,2017-07-24,5774.0137,5256.2285,5754.302,6384.9253,6070.567
10,2017-07-25,5321.4346,4850.9497,5284.017,5932.9414,5829.602
10,2017-07-26,5026.5776,4469.9463,4994.7295,5516.3203,4081.691
10,2017-07-27,4753.7173,4259.306,4734.0605,5343.82,6411.311
10,2017-07-28,4678.8955,4020.1843,4702.243,5331.39,7953.254
10,2017-07-29,6675.4346,5868.237,6685.407,7474.725,8454.329
10,2017-07-30,7495.832,6628.555,7405.4316,8570.11,7224.556
10,2017-07-31,5625.8076,4564.1567,5706.789,6679.418,9085.503
10,2017-08-01,8156.0786,6771.901,8168.456,9498.629,8083.219
11,2017-07-19,16908.22,15174.66,16840.074,18975.691,16925.297
11,2017-07-20,15856.522,14426.3545,15741.192,17643.76,15398.088
11,2017-07-21,17150.31,15346.119,17145.102,18739.035,19119.01
11,2017-07-22,20149.627,17957.988,20209.203,22655.543,16139.465
11,2017-07-23,21150.24,19014.31,21085.904,23972.654,18832.55
11,2017-07-24,18112.307,16021.329,18115.031,20018.312,18769.709
11,2017-07-25,16931.123,15404.296,16889.723,18679.041,18591.709
11,2017-07-26,15173.244,13826.723,15226.968,16763.182,15207.124
11,2017-07-27,14344.157,12747.518,14456.303,16071.892,14579.385
11,2017-07-28,16232.661,14123.77,16171.071,18087.807,21190.432
11,2017-07-29,20428.967,17854.297,20185.184,22784.46,18958.97
11,2017-07-30,21440.168,18465.531,21351.68,24054.213,22133.855
11,2017-07-31,18637.244,16772.012,18544.941,20505.125,19934.492
11,2017-08-01,25773.95,22288.996,25991.312,29513.162,28187.514
12,2017-07-19,6871.446,6100.194,6905.643,7604.401,7113.233
12,2017-07-20,6615.024,5930.276,6668.506,7318.486,6691.148
12,2017-07-21,6598.5376,5854.6997,6577.2734,7324.7734,6081.203
12,2017-07-22,7838.0386,7027.692,7831.0493,8799.336,8166.576
12,2017-07-23,7742.121,6658.1636,7608.534,8801.529,7438.0723
12,2017-07-24,7425.5356,6689.4243,7544.5356,8136.0957,8029.286
12,2017-07-25,6658.02,5880.5786,6691.3594,7476.529,6953.1562
12,2017-07-26,6384.7837,5484.458,6407.256,7205.4355,6400.867
12,2017-07-27,6378.9414,5561.2207,6428.1865,7139.3647,6775.02
12,2017-07-28,6326.9233,5457.8994,6274.622,7101.498,8966.921
12,2017-07-29,7971.303,7208.6035,7956.4604,8817.69,10629.53
12,2017-07-30,7976.3364,7031.8257,7987.593,9070.678,11731.621
12,2017-07-31,7442.3867,6356.476,7462.4717,8378.005,10201.088
12,2017-08-01,7807.485,6259.8477,7814.84,9234.5,10326.849
13,2017-07-19,5417.915,4794.535,5366.0674,6178.5713,5051.133
13,2017-07-20,5227.4233,4617.546,5222.247,5882.88,6047.327
13,2017-07-21,5475.1123,4589.781,5490.3,6214.983,6642.855
13,2017-07-22,7714.2026,6566.5264,7697.693,8565.75,7653.701
13,2017-07-23,5862.0127,5040.6396,5815.7197,6752.512,5870.199
13,2017-07-24,6139.1777,5369.419,6160.13,6869.4395,6656.603
13,2017-07-25,5622.3843,4794.2134,5607.5366,6456.249,6064.653
13,2017-07-26,5175.049,4381.1436,5219.8535,5950.9766,4715.713
13,2017-07-27,4883.493,3822.104,4825.509,5729.1895,6376.925
13,2017-07-28,5627.035,4659.1133,5674.5166,6609.8086,7259.399
13,2017-07-29,8715.105,7483.3506,8554.631,10292.337,8578.701
13,2017-07-30,6531.7686,5389.7793,6424.675,7787.9546,7373.789
13,2017-07-31,6988.862,5560.062,6961.632,8235.358,10792.436
13,2017-08-01,7939.4463,5977.6978,7629.1636,9909.493,8082.41
14,2017-07-19,7074.8486,6485.294,7044.719,7735.041,6163.388
14,2017-07-20,6726.2593,5854.004,6740.9736,7546.9194,7054.4688
14,2017-07-21,7106.6904,6316.3765,7133.784,7951.1694,7072.399
14,2017-07-22,9825.692,8516.969,9893.926,10898.611,8825.809
14,2017-07-23,6996.8613,5992.6104,6964.8467,8119.9814,6994.095
14,2017-07-24,7912.7095,7058.8887,7913.3394,8696.942,7635.976
14,2017-07-25,7195.0464,6492.089,7217.8457,7998.1104,7321.911
14,2017-07-26,6806.2544,5998.3213,6801.7344,7572.9443,5608.834
14,2017-07-27,6485.107,5632.4575,6430.063,7334.358,10103.419
14,2017-07-28,7042.219,6221.657,6983.464,8064.078,8990.669
14,2017-07-29,10285.683,9162.455,10280.373,11500.579,12961.232
14,2017-07-30,7496.495,6390.9595,7433.263,8562.691,11130.463
14,2017-07-31,8088.6323,7163.287,8100.6055,9082.092,10421.614
14,2017-08-01,9370.949,8158.37,9353.181,10557.089,10169.884
15,2017-07-19,7193.3193,6302.7397,7163.994,8119.675,7291.6367
15,2017-07-20,7263.244,6234.798,7344.4165,8132.5273,8124.118
15,2017-07-21,6899.4004,5923.4556,6833.0083,7988.5547,7522.4
15,2017-07-22,7742.2407,6706.327,7791.6504,8825.129,7721.445
15,2017-07-23,6910.82,6004.458,6796.2334,7919.838,6209.414
15,2017-07-24,7958.8867,7072.999,7940.794,8788.479,7406.027
15,2017-07-25,7632.3477,6654.5005,7540.9014,8958.295,7945.896
15,2017-07-26,6930.348,6029.7183,6922.4634,7807.495,6175.617
15,2017-07-27,7169.433,6277.0225,7164.366,8045.1562,6869.3643
15,2017-07-28,6951.5186,5960.7046,6994.3525,8099.7,7972.58
15,2017-07-29,7978.595,7036.3125,7873.1934,9318.66,7691.604
15,2017-07-30,7187.5464,6221.457,7164.2583,8321.44,6436.973
15,2017-07-31,8222.653,7277.33,8291.168,9060.501,9322.905
15,2017-08-01,10403.765,8300.768,10235.512,12380.249,9851.77
16,2017-07-19,5207.8164,4638.5283,5189.3564,5888.6035,4486.133
16,2017-07-20,5522.3027,4771.1284,5442.8794,6375.717,4122.843
16,2017-07-21,5343.498,4484.6855,5256.462,6229.9717,4341.941
16,2017-07-22,6472.165,5613.027,6439.7666,7467.62,6113.317
16,2017-07-23,8228.001,7201.46,8174.8936,9465.609,7750.809
16,2017-07-24,6678.8257,6084.175,6664.879,7406.562,5638.058
16,2017-07-25,5796.679,5121.577,5815.626,6421.5615,5044.775
16,2017-07-26,5057.643,4469.2793,5078.919,5677.092,7345.629
16,2017-07-27,5343.212,4702.383,5284.6387,6156.833,5571.361
16,2017-07-28,5406.639,4428.5737,5369.763,6267.592,6182.145
16,2017-07-29,6739.9463,5882.491,6730.1694,7613.572,6937.133
16,2017-07-30,8268.178,7123.9365,8243.489,9399.139,10729.075
16,2017-07-31,6375.4395,5328.9634,6243.4653,7383.559,6650.475
16,2017-08-01,7690.2393,6452.859,7667.6157,9002.248,8339.602
17,2017-07-19,11316.416,9918.007,11532.1875,12576.324,12230.003
17,2017-07-20,10691.389,9291.294,10650.506,11884.782,11542.121
17,2017-07-21,10835.313,9670.123,10874.012,12093.828,10992.922
17,2017-07-22,15042.647,13700.885,14993.367,16616.156,14654.24
17,2017-07-23,17581.562,15782.757,17514.777,19819.363,17971.678
17,2017-07-24,13185.421,11742.605,13264.406,14583.192,13684.822
17,2017-07-25,12665.949,11218.425,12646.865,13998.568,14583.997
17,2017-07-26,10525.242,8985.1045,10642.69,12068.771,10573.286
17,2017-07-27,10287.344,8624.239,10189.178,11977.435,9938.011
17,2017-07-28,10563.89,9211.374,10440.158,12046.667,12279.412
17,2017-07-29,15311.974,13578.949,15187.873,17010.408,15842.532
17,2017-07-30,17565.195,14331.675,17704.916,21013.746,18534.34
17,2017-07-31,13866.228,11600.524,14166.514,15723.781,16635.012
17,2017-08-01,17942.148,14546.119,17752.51,21056.295,18151.535
18,2017-07-19,8451.148,7383.6846,8550.449,9466.333,7675.778
18,2017-07-20,8568.513,7626.092,8585.974,9357.53,8648.715
18,2017-07-21,8106.397,6833.5166,8152.6206,9299.065,7138.043
18,2017-07-22,12009.415,10536.039,11982.33,13498.64,11747.671
18,2017-07-23,13288.191,11644.72,13074.607,15209.853,12425.346
18,2017-07-24,9807.322,8716.547,9832.822,10764.631,9042.689
18,2017-07-25,11215.372,9827.271,11296.734,12486.615,11389.726
18,2017-07-26,7869.642,6801.1807,7770.8984,8896.86,8064.104
18,2017-07-27,8209.842,7048.282,8180.4795,9459.306,7750.5317
18,2017-07-28,7729.2,6569.4688,7667.7686,8932.492,7193.729
18,2017-07-29,12073.003,10216.89,12041.826,13988.855,11699.701
18,2017-07-30,14651.494,12422.084,14697.389,17111.42,13019.26
18,2017-07-31,9827.635,8188.055,9941.74,11672.029,9638.097
18,2017-08-01,14009.55,11093.996,13835.065,16738.578,15213.572
19,2017-07-19,7093.314,6251.8945,7078.701,7861.666,6793.937
19,2017-07-20,6818.0796,5918.741,6792.107,7727.7783,7004.461
19,2017-07-21,7648.072,6782.949,7638.169,8713.549,7417.742
19,2017-07-22,13211.113,11636.822,13202.085,14843.809,12737.297
19,2017-07-23,8962.486,7345.1294,8863.94,10558.243,9767.298
19,2017-07-24,8883.256,8058.7837,8897.93,9696.122,9849.9375
19,2017-07-25,7719.925,6955.068,7649.1387,8555.565,7982.133
19,2017-07-26,7065.48,6034.142,7053.1807,8016.167,7589.236
19,2017-07-27,7022.044,6059.5664,7009.5464,8037.8477,7272.497
19,2017-07-28,7612.9546,6593.434,7680.549,8540.881,10305.836
19,2017-07-29,13624.896,11706.006,13604.311,15586.62,16040.439
19,2017-07-30,9760.838,7560.7393,9724.172,11546.561,9543.8125
19,2017-07-31,9218.612,7658.265,9033.869,10637.755,10472.114
19,2017-08-01,10116.53,8270.118,10214.133,11739.598,10077.473
20,2017-07-19,10715.415,9334.476,10571.4375,12243.666,10673.934
20,2017-07-20,10810.335,9500.519,10810.878,12159.04,13264.775
20,2017-07-21,11100.035,9494.398,11062.93,12854.782,12142.568
20,2017-07-22,17705.475,15622.375,17557.354,19753.027,17265.475
20,2017-07-23,23828.375,20544.588,23748.54,27460.771,23422.17
20,2017-07-24,12524.75,10568.041,12589.328,14372.963,12103.482
20,2017-07-25,11398.174,9743.142,11455.033,12858.615,10850.1
20,2017-07-26,10111.235,8321.113,10160.18,12158.865,10649.588
20,2017-07-27,10678.634,8616.805,10701.894,12248.657,12047.703
20,2017-07-28,10867.06,8759.028,10874.303,13075.456,16325.976
20,2017-07-29,18607.506,16017.145,18241.037,21126.748,24805.531
20,2017-07-30,24922.426,20927.88,24105.723,29641.033,30414.219
20,2017-07-31,13495.541,10688.939,13225.59,16426.61,19597.334
20,2017-08-01,14030.553,9699.809,14004.799,17743.2,23161.023
21,2017-07-19,10102.756,8172.5093,10245.45,11723.412,8895.225
21,2017-07-20,9589.112,8306.24,9365.695,10810.777,8001.319
21,2017-07-21,9210.61,7744.6567,9311.876,10263.605,9550.186
21,2017-07-22,14502.072,12876.232,14585.15,16019.907,13101.447
21,2017-07-23,19050.984,16118.853,19092.633,22242.139,19457.65
21,2017-07-24,11999.184,10418.639,12222.967,13450.618,13434.607
21,2017-07-25,12056.769,10420.016,12040.213,13683.996,11434.626
21,2017-07-26,9593.838,8160.2285,9475.145,10871.931,10074.346
21,2017-07-27,9237.067,7875.6655,9282.132,10865.826,13082.996
21,2017-07-28,9583.594,8092.5195,9431.551,11007.168,13129.969
21,2017-07-29,14880.611,13166.372,14754.285,16638.418,16996.273
21,2017-07-30,19943.385,17052.346,19853.445,22942.922,25347.178
21,2017-07-31,13048.224,10576.209,13000.875,15827.685,16702.922
21,2017-08-01,15903.481,12226.696,15578.373,19145.447,19746.094
22,2017-07-19,5474.495,4845.937,5523.701,6057.332,5373.833
22,2017-07-20,5953.123,5119.2188,5915.3545,6845.3057,6214.685
22,2017-07-21,5883.2686,5113.9946,5834.38,6717.525,6243.017
22,2017-07-22,7066.7876,6194.4927,7136.1147,7817.577,6088.8457
22,2017-07-23,7691.11,6860.0757,7643.8237,8600.5,6759.243
22,2017-07-24,6375.312,5665.368,6401.036,7064.225,7647.207
22,2017-07-25,5909.5996,5351.715,5875.593,6501.728,7077.916
22,2017-07-26,5402.1255,4723.5464,5383.004,6107.101,5486.212
22,2017-07-27,5921.393,5169.0693,5873.0625,6854.9175,6377.554
22,2017-07-28,6117.287,5169.1187,6078.462,7134.82,8659.227
22,2017-07-29,7408.1626,6655.6055,7424.2646,8295.869,9081.662
22,2017-07-30,8232.392,6980.7495,8081.9175,9424.044,7426.103
22,2017-07-31,6685.6714,5586.033,6727.6562,7715.4155,9903.814
22,2017-08-01,8454.604,6603.9883,8362.359,10494.483,8549.98
23,2017-07-19,8195.883,7534.5903,8215.157,9065.147,8404.997
23,2017-07-20,7134.8477,6322.242,7082.5044,8025.579,6822.297
23,2017-07-21,7551.3276,6592.2246,7508.2964,8541.113,7895.007
23,2017-07-22,8088.8477,7380.9663,8067.6445,8857.21,9150.161
23,2017-07-23,8520.281,7529.9053,8416.413,9738.809,10174.122
23,2017-07-24,7794.2437,7035.366,7699.57,8521.272,8004.157
23,2017-07-25,7409.9756,6651.8555,7358.8735,8323.434,7560.804
23,2017-07-26,7690.3027,6708.3315,7666.3145,8621.287,8056.759
23,2017-07-27,6984.6846,6065.6235,6956.7334,8102.909,6851.807
23,2017-07-28,7360.715,6362.1865,7445.339,8243.329,7832.25
23,2017-07-29,8129.1426,7171.4326,8083.189,9269.401,7855.963
23,2017-07-30,8632.437,7235.1904,8718.053,9970.466,9186.872
23,2017-07-31,7774.873,6760.0117,7730.1553,8823.555,7384.606
23,2017-08-01,8604.141,7557.544,8464.651,10033.551,8315.182
24,2017-07-19,18983.158,17593.867,18934.85,20466.016,19722.02
24,2017-07-20,14234.525,12641.162,14159.161,15975.529,17322.514
24,2017-07-21,18267.238,16247.37,18360.889,20103.957,18945.547
24,2017-07-22,19096.836,17398.918,19026.137,21004.879,17245.088
24,2017-07-23,17534.066,15684.133,17569.77,19608.057,14313.325
24,2017-07-24,16428.207,14940.582,16359.033,18152.46,14949.964
24,2017-07-25,14749.017,13080.482,14737.634,16200.472,16565.758
24,2017-07-26,17704.879,15982.948,17647.96,19443.146,20513.963
24,2017-07-27,13506.715,11869.861,13398.234,14892.707,14527.269
24,2017-07-28,17945.273,15997.575,17898.21,19668.447,18989.646
24,2017-07-29,18517.016,16414.242,18553.79,20366.543,21341.55
24,2017-07-30,17903.855,15671.849,17670.068,20290.088,18344.47
24,2017-07-31,16168.9375,14475.588,16211.461,17880.607,17994.885
24,2017-08-01,17703.518,14572.564,17713.809,20159.098,17353.78
25,2017-07-19,7973.063,6763.991,7936.1187,9408.995,8160.746
25,2017-07-20,5951.1426,5047.0576,6001.175,6804.3545,6636.868
25,2017-07-21,8317.081,7010.6353,8343.377,9539.028,9902.249
25,2017-07-22,9024.168,7853.0225,8861.412,10411.043,14525.664
25,2017-07-23,7620.4805,6531.706,7592.573,9143.261,13027.801
25,2017-07-24,6204.141,5132.8467,6195.1553,7456.2646,7059.936
25,2017-07-25,5447.4355,4573.964,5337.299,6195.855,6433.769
25,2017-07-26,7667.473,6154.282,7679.0645,9236.77,8075.49
25,2017-07-27,6088.4917,5080.753,6061.7603,7328.2617,6189.677
25,2017-07-28,8446.737,6788.77,8476.091,9835.507,8492.584
25,2017-07-29,9474.053,7775.6895,9411.818,11496.71,9580.303
25,2017-07-30,7989.8877,6400.616,7770.88,10031.168,8449.234
25,2017-07-31,6923.8066,5646.685,6702.338,8394.604,7451.673
25,2017-08-01,6739.8457,4696.3027,6417.1235,8625.528,7937.2183
26,2017-07-19,4482.8774,3753.1016,4442.9805,5264.3726,5518.151
26,2017-07-20,3235.8904,2528.495,3212.2607,3727.0627,3947.969
26,2017-07-21,4003.0603,3380.1025,4094.4888,4701.0605,4622.978
26,2017-07-22,5593.299,4831.284,5591.673,6354.8022,5338.98
26,2017-07-23,6600.7925,5536.5215,6602.8535,7709.234,6103.664
26,2017-07-24,4087.6262,3405.7427,4100.117,4838.382,6843.569
26,2017-07-25,3412.3066,2715.3335,3452.145,3928.125,4627.981
26,2017-07-26,3922.3174,3204.0703,3875.5845,4647.711,4344.755
26,2017-07-27,3019.6062,2225.9766,2950.9385,3840.8792,3494.219
26,2017-07-28,4056.478,3296.5657,4000.0156,4935.3354,4739.752
26,2017-07-29,6034.453,4802.7407,5986.0156,7453.504,6604.943
26,2017-07-30,7420.919,5835.0264,7443.408,9422.29,7626.826
26,2017-07-31,4560.487,3436.6855,4568.5693,5876.939,5616.422
26,2017-08-01,5525.8975,3727.9302,5459.283,7365.3213,8018.453
27,2017-07-19,15052.97,13193.835,14971.19,17242.39,15265.015
27,2017-07-20,10703.872,9360.639,10875.195,11879.633,10710.369
27,2017-07-21,12340.23,10925.538,12333.154,13867.512,11554.084
27,2017-07-22,16854.188,14909.736,16903.895,18505.674,14866.263
27,2017-07-23,22300.115,19608.953,22109.975,25213.486,18300.861
27,2017-07-24,15208.237,13567.791,15116.53,16724.49,21019.854
27,2017-07-25,11877.14,10669.737,11875.325,12918.03,13775.682
27,2017-07-26,14327.021,12302.295,14448.177,16033.723,15449.152
27,2017-07-27,10230.795,8568.965,10184.661,11547.112,10624.732
27,2017-07-28,12097.437,10545.219,11988.108,13979.977,11914.659
27,2017-07-29,17148.553,15221.322,17083.488,18720.477,17779.701
27,2017-07-30,22051.115,19146.938,22101.125,24947.932,24531.336
27,2017-07-31,15232.782,13336.277,15090.711,17113.857,16201.267
27,2017-08-01,12466.034,8571.821,12529.02,16282.544,16078.958
28,2017-07-19,10697.7,7903.9077,10792.363,12768.555,10722.316
28,2017-07-20,10687.799,9121.811,10545.021,12303.777,10453.825
28,2017-07-21,10628.599,9160.336,10624.418,12167.846,9069.21
28,2017-07-22,16925.682,14828.879,16901.723,19040.72,13183.507
28,2017-07-23,22492.062,19691.42,22451.738,25755.746,16183.395
28,2017-07-24,12859.66,10970.895,12846.742,14900.447,18854.61
28,2017-07-25,14105.405,11819.789,13953.061,16098.427,14555.49
28,2017-07-26,10147.137,8223.56,10152.822,11937.971,9085.983
28,2017-07-27,10320.572,8321.612,10310.106,12091.203,10352.57
28,2017-07-28,10814.355,8929.506,10801.825,12757.613,12557.6875
28,2017-07-29,17615.479,14866.404,17590.174,20369.025,16681.389
28,2017-07-30,23590.018,18764.348,23624.53,27691.033,24232.527
28,2017-07-31,14377.633,10935.126,14147.304,17699.191,15377.421
28,2017-08-01,18571.92,15043.094,18531.414,22756.945,23462.14
29,2017-07-19,9432.758,8104.6885,9543.529,10875.106,9532.582
29,2017-07-20,9294.081,7887.454,9093.594,10846.66,9451.256
29,2017-07-21,9038.838,7792.181,8976.572,10404.488,8002.0547
29,2017-07-22,13747.309,11753.816,13697.084,15414.794,11165.598
29,2017-07-23,18400.775,15436.654,18334.559,21842.367,12154.197
29,2017-07-24,11451.881,10003.921,11407.957,13159.25,14771.678
29,2017-07-25,12165.522,10642.959,12315.818,13466.428,11566.231
29,2017-07-26,8967.5205,7688.586,9112.87,10389.544,9163.655
29,2017-07-27,9022.769,7761.7617,9069.719,10351.451,9848.444
29,2017-07-28,9072.967,7256.752,8990.406,10862.889,9677.733
29,2017-07-29,14111.785,12094.564,13977.421,16441.822,14857.011
29,2017-07-30,18867.23,14180.03,19091.174,21963.023,21648.654
29,2017-07-31,12047.0625,9988.653,11972.715,14578.866,13461.052
29,2017-08-01,16303.184,12783.967,15433.863,20789.488,18440.963
30,2017-07-19,5228.5083,4632.798,5231.6094,5840.957,5699.17
30,2017-07-20,6498.0225,5670.6953,6492.256,7358.8335,5152.746
30,2017-07-21,5788.5986,4789.0244,5815.32,6814.047,4846.673
30,2017-07-22,6780.3057,6023.585,6764.966,7353.5337,9825.699
30,2017-07-23,6663.412,5822.787,6694.3716,7499.1675,4802.612
30,2017-07-24,6844.2783,5425.3447,6927.3477,8255.937,5191.265
30,2017-07-25,6686.142,5558.8613,6734.985,8158.564,6231.965
30,2017-07-26,4977.379,4017.1907,4919.892,5819.2266,4947.739
30,2017-07-27,6224.466,5331.281,6182.0986,7216.877,11637.966
30,2017-07-28,5941.2295,5257.8794,5921.9727,6881.2603,5951.997
30,2017-07-29,6430.198,5687.173,6355.1836,7192.488,6311.991
30,2017-07-30,6790.784,5854.927,6778.3574,7677.886,6826.31
30,2017-07-31,7039.195,6042.9375,7090.47,7921.6265,6150.221
30,2017-08-01,7075.34,5891.1147,7125.5103,8458.908,10509.944
31,2017-07-19,12087.463,10389.783,11883.537,14302.194,10761.737
31,2017-07-20,10966.3125,9596.036,10855.856,12520.064,11403.617
31,2017-07-21,11036.59,9704.168,10981.039,12650.187,11326.8955
31,2017-07-22,14998.646,13407.478,15048.959,16530.775,13206.921
31,2017-07-23,19425.373,17287.377,19194.297,21753.064,17269.031
31,2017-07-24,12999.775,11635.289,12936.641,14519.525,12222.57
31,2017-07-25,13513.449,11638.041,13642.947,15041.331,15244.628
31,2017-07-26,10506.98,9213.392,10396.566,11870.836,9545.87
31,2017-07-27,9784.152,8325.913,9738.531,11266.729,13735.935
31,2017-07-28,10514.65,8998.496,10521.334,12310.58,12791.694
31,2017-07-29,15862.095,13796.835,15924.16,18029.791,17991.785
31,2017-07-30,19619.885,16867.305,19958.904,22400.297,20443.125
31,2017-07-31,13608.822,11725.6455,13613.31,15506.31,13946.659
31,2017-08-01,18311.293,14618.623,17995.852,22310.287,21631.133
32,2017-07-19,3682.6753,3084.0017,3672.499,4310.5005,3021.347
32,2017-07-20,4238.023,3377.4653,4207.768,5511.7925,3525.12
32,2017-07-21,3549.7715,2801.6094,3505.706,4184.4253,3161.971
32,2017-07-22,5403.346,4434.977,5412.205,6442.731,4081.802
32,2017-07-23,5487.9424,4504.2144,5551.0894,6595.309,3637.4531
32,2017-07-24,4219.7495,3482.0347,4241.3237,4841.758,5065.496
32,2017-07-25,4677.892,3590.3967,4734.623,5611.88,3519.832
32,2017-07-26,3871.7556,3140.3843,3737.8657,4381.8506,3454.814
32,2017-07-27,4205.3623,3378.531,4120.3906,5010.614,5094.713
32,2017-07-28,3882.3035,3215.6548,3818.5852,4573.1143,4608.221
32,2017-07-29,5169.2173,4282.9194,5223.8765,6092.295,7712.361
32,2017-07-30,5442.828,4361.2197,5353.1465,6510.1133,5625.634
32,2017-07-31,4327.826,3518.7605,4299.2153,5347.479,5384.155
32,2017-08-01,5426.272,4210.794,5337.7485,7036.4863,7240.671
33,2017-07-19,7829.1987,6761.2764,7696.332,8897.495,6777.356
33,2017-07-20,7943.679,6817.084,7990.1387,9137.099,7822.284
33,2017-07-21,7633.544,6640.2803,7696.119,8578.511,11267.694
33,2017-07-22,10608.396,9234.598,10604.138,12118.882,10841.752
33,2017-07-23,11661.442,10090.948,11702.65,13184.979,11535.784
33,2017-07-24,9689.694,8589.482,9740.523,10699.268,10190.915
33,2017-07-25,8871.066,7934.8896,8843.153,9740.734,8806.089
33,2017-07-26,7176.322,6245.383,7098.315,8039.602,7277.135
33,2017-07-27,8093.618,6940.015,8153.4277,9294.791,7190.27
33,2017-07-28,7619.709,6331.8027,7506.675,8944.919,7415.0547
33,2017-07-29,11422.405,10042.932,11378.617,13030.532,11510.042
33,2017-07-30,12755.105,10553.552,12887.58,14728.143,12809.805
33,2017-07-31,10059.368,8362.523,10101.26,11538.403,9888.608
33,2017-08-01,12055.784,8599.475,11691.023,14978.986,15068.436
34,2017-07-19,8945.303,7961.193,8914.213,9868.174,7978.613
34,2017-07-20,8546.753,7696.507,8437.287,9761.336,9263.465
34,2017-07-21,10050.445,9000.727,9910.65,11252.461,10249.114
34,2017-07-22,11347.82,10443.67,11322.418,12356.028,11776.532
34,2017-07-23,11036.881,9353.302,11147.63,12402.607,10229.457
34,2017-07-24,10124.385,9005.747,10025.918,11275.272,9582.564
34,2017-07-25,9546.331,8566.974,9723.453,10369.399,8675.423
34,2017-07-26,8371.388,7462.578,8393.152,9146.104,7757.221
34,2017-07-27,8301.82,7323.0063,8378.885,9168.601,9302.114
34,2017-07-28,9983.838,8376.225,9969.837,11492.1045,10934.284
34,2017-07-29,11470.473,9868.682,11511.354,12928.966,13512.76
34,2017-07-30,12166.47,10521.568,12207.721,13488.972,12076.058
34,2017-07-31,10734.39,8965.406,10795.947,12609.404,12937.343
34,2017-08-01,12821.262,10859.047,12766.811,14680.244,12628.238
35,2017-07-19,3925.5615,3255.8218,3965.8425,4580.4375,3765.601
35,2017-07-20,4174.689,3465.809,4101.874,4879.5083,4336.529
35,2017-07-21,4288.6504,3580.2908,4338.2676,5010.0166,4129.3633
35,2017-07-22,5892.2114,5041.672,5915.26,6753.499,5884.618
35,2017-07-23,6405.9326,5351.295,6389.968,7091.192,8685.909
35,2017-07-24,5191.6943,4363.418,5162.1533,6181.998,5523.291
35,2017-07-25,4473.0786,3541.2578,4504.5547,5274.5513,4227.066
35,2017-07-26,3875.3374,3159.6257,3905.3218,4538.853,5318.231
35,2017-07-27,4036.3145,3102.5657,4090.8142,4844.8794,3383.708
35,2017-07-28,4168.067,3034.2961,4215.385,5265.9766,4486.612
35,2017-07-29,6259.8237,5096.0605,6375.4062,7445.143,6138.529
35,2017-07-30,6746.4937,5459.338,6746.141,8028.996,6538.943
35,2017-07-31,5329.088,4408.3833,5295.0083,6346.072,6951.845
35,2017-08-01,6463.1445,4859.5557,6601.895,7930.5693,6088.917
36,2017-07-19,9270.2705,8218.765,9348.694,10339.28,8566.337
36,2017-07-20,9039.213,7851.28,8939.375,10444.311,10577.023
36,2017-07-21,8482.442,7280.951,8460.698,9532.714,8521.388
36,2017-07-22,11027.505,9489.321,10934.572,12680.873,11197.407
36,2017-07-23,12355.521,10587.968,12453.494,14032.012,12508.462
36,2017-07-24,9791.502,8030.047,9883.709,11349.573,11181.118
36,2017-07-25,11399.983,10051.375,11354.213,12872.571,11586.006
36,2017-07-26,8724.468,7491.443,8602.025,9924.146,8855.002
36,2017-07-27,8711.43,7214.124,8764.516,10065.435,9699.55
36,2017-07-28,8712.147,7514.276,8591.695,9997.436,12151.226
36,2017-07-29,11579.934,8935.259,11633.619,14458.498,14882.598
36,2017-07-30,13647.725,11279.612,13351.699,16624.785,15654.869
36,2017-07-31,10959.919,9152.288,10878.59,13500.389,12719.51
36,2017-08-01,15679.957,12158.861,15623.038,19441.607,18634.75
37,2017-07-19,15078.72,13443.452,15157.982,16718.8,16679.27
37,2017-07-20,12215.197,10497.948,12260.1,13591.527,13333.821
37,2017-07-21,13237.023,11794.758,13164.916,14382.295,15852.01
37,2017-07-22,14667.144,12698.283,14790.269,16130.052,14706.718
37,2017-07-23,12798.643,10784.458,12800.007,14398.753,11487.848
37,2017-07-24,13529.062,11915.473,13498.719,15056.959,13247.595
37,2017-07-25,12291.043,11118.581,12358.057,13328.386,14518.942
37,2017-07-26,13962.59,12448.858,14004.959,15144.522,15135.868
37,2017-07-27,11764.501,10095.799,11704.838,13341.267,12361.252
37,2017-07-28,12709.646,11072.091,12640.849,14216.754,14613.613
37,2017-07-29,14300.023,12077.883,14626.242,16148.719,14399.082
37,2017-07-30,12962.838,11206.781,12751.07,14930.577,10374.115
37,2017-07-31,13947.803,12285.924,13873.197,15298.756,15331.48
37,2017-08-01,16464.469,13877.847,16325.74,19133.336,15106.029
38,2017-07-19,12435.664,10869.226,12555.494,13779.906,13331.559
38,2017-07-20,9772.132,8474.878,9675.611,11208.775,13931.314
38,2017-07-21,13014.79,11725.44,12940.338,14321.641,11694.64
38,2017-07-22,17943.498,16283.084,17734.693,19727.715,18700.443
38,2017-07-23,17349.55,15101.289,17258.219,19466.54,15208.812
38,2017-07-24,11024.215,9590.801,11046.136,12477.482,12039.726
38,2017-07-25,9837.794,8747.898,9725.256,10996.185,9160.254
38,2017-07-26,11281.71,10020.373,11326.602,12433.068,14792.486
38,2017-07-27,9417.655,8281.896,9474.023,10904.714,8750.404
38,2017-07-28,13409.407,11208.5625,13622.916,15459.816,13384.564
38,2017-07-29,19242.416,15979.45,19158.648,21766.93,17817.701
38,2017-07-30,18213.863,15176.801,17868.729,21070.455,18790.092
38,2017-07-31,11653.528,10287.416,11553.335,13417.451,13208.75
38,2017-08-01,12860.513,9770.83,12970.346,15817.954,17483.793
39,2017-07-19,14758.289,12868.021,14792.966,17120.7,12211.205
39,2017-07-20,12840.676,11484.04,12797.992,14826.433,16010.315
39,2017-07-21,12867.148,11434.294,12922.065,14421.693,14074.289
39,2017-07-22,18098.57,16027.707,18049.305,20711.287,16823.123
39,2017-07-23,19508.117,16687.414,19267.79,22167.623,18050.246
39,2017-07-24,15545.736,13108.514,15537.101,18375.31,17164.723
39,2017-07-25,15579.732,13118.129,15507.919,17669.182,17269.01
39,2017-07-26,13793.358,12148.349,13589.221,15965.415,13854.569
39,2017-07-27,12058.784,9979.092,12110.971,14063.337,18577.305
39,2017-07-28,12780.695,10771.04,12812.891,14985.691,18404.602
39,2017-07-29,17909.744,15289.928,17865.258,20451.127,18143.824
39,2017-07-30,19445.428,15838.678,19472.19,22829.387,21000.914
39,2017-07-31,16110.072,13769.602,16330.107,18640.535,21054.418
39,2017-08-01,22031.143,15820.262,22283.71,28487.621,21289.396
40,2017-07-19,13524.841,11837.849,13533.131,15272.704,13088.542
40,2017-07-20,12456.746,10412.001,12261.152,14542.75,13802.307
40,2017-07-21,13014.282,11325.926,13076.07,14626.63,13222.334
40,2017-07-22,18842.463,16254.424,18781.871,21166.139,15724.768
40,2017-07-23,16287.759,13944.62,16357.887,18725.41,15635.22
40,2017-07-24,16080.572,14113.454,15795.636,18352.879,13471.034
40,2017-07-25,14717.383,12725.609,14626.6875,16597.87,14092.339
40,2017-07-26,12904.473,11293.229,12762.381,14668.903,12365.784
40,2017-07-27,12123.724,10538.582,12051.875,13955.843,12714.726
40,2017-07-28,12911.065,11293.287,12926.496,14364.801,20137.764
40,2017-07-29,18561.395,16156.022,18537.379,20848.668,28247.902
40,2017-07-30,17328.637,14466.184,17357.947,20264.049,21446.977
40,2017-07-31,16539.865,14287.462,16453.191,19039.86,17240.607
40,2017-08-01,20296.705,16631.918,20058.35,23190.348,25160.469
41,2017-07-19,11491.072,10180.062,11326.719,12967.005,15364.087
41,2017-07-20,9567.22,8352.213,9528.385,10690.634,13227.151
41,2017-07-21,11080.25,9417.154,11193.5,12565.174,13330.76
41,2017-07-22,14253.281,12164.876,14247.198,16075.43,17588.37
41,2017-07-23,18387.783,15668.662,18310.707,21133.363,22627.69
41,2017-07-24,12333.1875,11104.924,12348.23,13694.716,13194.939
41,2017-07-25,10464.632,9181.051,10605.466,11572.927,11276.699
41,2017-07-26,10774.531,8982.434,10793.236,12581.637,15439.709
41,2017-07-27,9547.557,7774.7725,9623.291,11071.903,11200.822
41,2017-07-28,10847.506,9325.011,10811.164,12309.65,12064.23
41,2017-07-29,14958.794,12983.413,14891.012,16814.658,16828.943
41,2017-07-30,18990.037,16105.733,19135.229,22018.408,19760.963
41,2017-07-31,12600.809,10718.949,12461.656,14549.381,12785.717
41,2017-08-01,13522.174,10828.104,13266.242,16017.2,14743.466
42,2017-07-19,12257.36,10944.392,12362.008,13698.671,14216.46
42,2017-07-20,10316.874,9346.349,10202.278,11535.224,9979.768
42,2017-07-21,11300.437,10126.49,11322.689,12364.191,12404.029
42,2017-07-22,15134.469,13203.879,15200.582,16682.877,14808.454
42,2017-07-23,16006.263,14385.674,15911.045,17815.752,15491.29
42,2017-07-24,11424.403,10284.118,11446.303,12653.925,13629.643
42,2017-07-25,10547.537,9656.048,10624.693,11366.285,11458.206
42,2017-07-26,11462.6875,10199.051,11416.105,12806.64,13314.616
42,2017-07-27,10024.45,8785.504,10035.629,11289.608,9681.674
42,2017-07-28,11032.68,9850.788,10900.98,12375.613,11856.402
42,2017-07-29,15382.409,13240.039,15699.185,17521.09,15429.924
42,2017-07-30,16836.93,14525.182,16914.191,19058.762,14670.208
42,2017-07-31,11886.088,10329.826,11955.678,13529.68,12338.698
42,2017-08-01,15122.196,12791.479,14738.758,17925.51,16989.379
43,2017-07-19,12754.695,11032.686,12891.811,14403.16,12070.67
43,2017-07-20,12575.334,10728.076,12353.633,14784.359,11290.929
43,2017-07-21,12943.11,10477.297,12917.504,15023.411,13885.206
43,2017-07-22,16286.942,14098.881,16281.227,18430.95,18019.533
43,2017-07-23,18364.814,15990.559,18669.36,20489.684,16063.347
43,2017-07-24,15058.728,13257.124,14869.507,17188.535,19890.557
43,2017-07-25,14109.676,12396.066,14188.414,15793.35,16784.557
43,2017-07-26,12660.545,10939.57,12526.932,14332.609,11908.541
43,2017-07-27,12205.22,10264.331,11930.055,14237.066,13345.843
43,2017-07-28,12947.481,11016.95,12652.557,15856.138,13650.812
43,2017-07-29,16507.215,13974.509,16535.145,18925.248,16646.863
43,2017-07-30,19573.395,16613.646,19518.867,22795.105,20281.324
43,2017-07-31,15668.832,13081.887,15593.506,17980.36,17011.928
43,2017-08-01,18339.191,14686.781,18320.793,22178.42,18494.205
44,2017-07-19,41004.023,36078.453,41105.97,45929.215,43996.45
44,2017-07-20,33666.766,30256.643,33480.727,36922.332,33573.227
44,2017-07-21,42138.656,36791.637,42115.61,46586.195,42294.164
44,2017-07-22,55915.67,49974.664,55457.945,62320.066,56090.44
44,2017-07-23,62623.74,53208.047,62614.117,72149.336,61833.06
44,2017-07-24,39407.473,34132.16,39330.883,44431.156,40092.234
44,2017-07-25,35055.47,31128.043,34677.555,38324.04,32471.93
44,2017-07-26,40382.89,36424.633,40001.445,45246.21,40687.734
44,2017-07-27,32453.05,28809.922,32921.82,35885.418,31051.848
44,2017-07-28,40189.523,36191.293,39989.246,44649.258,41686.01
44,2017-07-29,54536.67,48405.223,54348.402,60604.297,60011.18
44,2017-07-30,59580.254,53073.227,59078.86,67840.65,64503.777
44,2017-07-31,40842.496,35803.215,39935.094,44712.562,42275.008
44,2017-08-01,44462.516,34232.367,44364.86,54706.938,44181.36
45,2017-07-19,35508.35,32668.775,35105.434,38910.31,37394.145
45,2017-07-20,27900.988,24456.979,27820.68,31679.996,31750.598
45,2017-07-21,38873.46,35185.64,38625.277,42250.11,40886.734
45,2017-07-22,48032.25,42243.742,48123.758,53560.04,46365.934
45,2017-07-23,56071.355,48000.85,55979.883,63484.81,58534.176
45,2017-07-24,36614.895,32854.7,36953.85,40362.707,37596.066
45,2017-07-25,29830.605,26977.703,30056.969,33284.914,30212.617
45,2017-07-26,32851.984,29194.076,33180.18,36115.297,34240.938
45,2017-07-27,27028.53,23997.39,26743.883,30212.709,29066.27
45,2017-07-28,38566.75,33154.47,38322.08,44227.375,42135.08
45,2017-07-29,48786.92,43526.074,49062.926,54523.832,49595.105
45,2017-07-30,58108.74,50130.145,57773.645,66118.3,60201.293
45,2017-07-31,37918.63,32992.55,37674.297,42990.28,41685.406
45,2017-08-01,40114.184,34905.742,40515.75,45272.15,40592.957
46,2017-07-19,24124.0,21358.762,24190.45,26976.33,24305.758
46,2017-07-20,21062.912,19149.596,20926.256,23469.64,23620.068
46,2017-07-21,25089.438,22115.135,25135.32,28236.695,25621.37
46,2017-07-22,38654.066,34321.605,38742.137,42163.88,39104.207
46,2017-07-23,46547.703,41305.863,45993.344,52445.863,45201.938
46,2017-07-24,25584.887,22991.93,25562.365,27584.37,29158.223
46,2017-07-25,22348.365,19476.262,22212.357,25216.615,21495.234
46,2017-07-26,22980.613,20101.535,22849.346,25626.406,22792.998
46,2017-07-27,20520.926,17998.068,20241.273,23376.27,20636.31
46,2017-07-28,25197.17,21679.803,25346.271,29023.47,29745.994
46,2017-07-29,40566.8,35043.42,40509.125,44776.934,42263.543
46,2017-07-30,48657.97,42691.953,48861.58,54117.812,50020.773
46,2017-07-31,26758.98,22301.387,26611.207,30702.338,30274.193
46,2017-08-01,29774.893,25149.148,29461.18,35894.785,32705.752
47,2017-07-19,33129.51,29992.168,32897.586,36055.793,33281.766
47,2017-07-20,26980.143,24093.146,26841.5,30128.77,32421.959
47,2017-07-21,33560.254,31072.055,33660.445,36660.176,37414.902
47,2017-07-22,44334.73,40041.4,44694.594,48112.41,44697.305
47,2017-07-23,51255.586,45224.285,50973.555,56938.83,53643.438
47,2017-07-24,33175.727,30719.408,33224.5,35652.883,34796.94
47,2017-07-25,28680.715,26120.965,28719.715,31500.918,27372.37
47,2017-07-26,30879.098,27267.945,30974.758,34451.438,32524.242
47,2017-07-27,26319.193,23332.021,26307.75,29441.04,26040.432
47,2017-07-28,33750.734,30123.488,33554.32,38105.86,36318.668
47,2017-07-29,46330.324,41674.535,46286.28,50884.49,47380.867
47,2017-07-30,49714.77,37336.86,50721.03,58728.746,55165.074
47,2017-07-31,34265.645,28990.816,33870.805,38289.594,38293.832
47,2017-08-01,40941.223,34665.44,41057.53,47244.977,40049.113
48,2017-07-19,18318.21,16034.662,18618.863,20264.967,19060.836
48,2017-07-20,16545.277,14397.061,16336.011,18651.326,18909.883
48,2017-07-21,19418.57,17055.281,19282.076,22109.676,24468.047
48,2017-07-22,31541.725,27851.855,31584.873,35690.695,30599.34
48,2017-07-23,39940.242,34185.363,40730.688,44881.516,40842.273
48,2017-07-24,19848.705,17501.785,19793.432,22639.197,22634.637
48,2017-07-25,16865.006,14803.871,16823.1,18694.795,17278.266
48,2017-07-26,16964.408,13951.53,17265.662,19277.594,19632.607
48,2017-07-27,15865.934,13872.033,15684.553,18605.87,18052.135
48,2017-07-28,20073.879,16957.738,19718.621,23521.465,23633.086
48,2017-07-29,33526.617,29357.816,33035.234,37904.64,33474.61
48,2017-07-30,42993.77,36750.664,42907.14,50135.53,43716.348
48,2017-07-31,22129.002,17579.47,21778.84,27253.906,28170.59
48,2017-08-01,25686.48,19227.145,25833.059,32219.316,30318.162
49,2017-07-19,35492.938,31484.66,35221.33,38737.77,34227.62
49,2017-07-20,27296.5,24951.041,27083.295,29911.547,26615.424
49,2017-07-21,33674.24,29946.818,33816.15,37149.855,33024.695
49,2017-07-22,36939.332,33712.67,37065.03,40094.066,34126.715
49,2017-07-23,40623.133,35724.977,40621.758,44626.547,40300.152
49,2017-07-24,33355.984,30300.0,33143.297,36370.35,33466.5
49,2017-07-25,27480.94,24795.848,27572.58,30310.486,25587.234
49,2017-07-26,32401.008,29186.178,32370.684,35680.324,32489.508
49,2017-07-27,26595.035,22832.223,26568.506,29640.535,24023.588
49,2017-07-28,33452.727,30013.07,33337.617,36527.758,33045.234
49,2017-07-29,36916.188,32601.797,37048.86,40919.41,35886.414
49,2017-07-30,41952.684,37072.582,41580.664,47454.16,39643.133
49,2017-07-31,32835.49,28709.266,32510.484,37154.887,35327.71
49,2017-08-01,34207.746,30061.035,34295.08,39033.74,36645.746
50,2017-07-19,18571.064,16755.268,18412.543,20364.693,18865.78
50,2017-07-20,15932.188,14256.571,16076.307,17544.021,18122.715
50,2017-07-21,19270.215,17597.037,19110.254,21329.975,19293.227
50,2017-07-22,26895.9,23846.004,26999.842,29892.693,26386.094
50,2017-07-23,27825.186,24360.086,28293.969,30984.256,29412.922
50,2017-07-24,19500.568,17828.293,19525.371,21070.674,20176.262
50,2017-07-25,17479.56,15273.584,17569.82,19941.227,18572.604
50,2017-07-26,17516.186,15359.054,17413.613,19662.867,18063.434
50,2017-07-27,15407.02,13559.594,15282.489,17540.076,17047.748
50,2017-07-28,18149.932,15780.157,18130.52,20730.945,22359.162
50,2017-07-29,26555.992,23229.879,26563.168,29417.41,29523.785
50,2017-07-30,29759.006,25338.635,29797.75,35028.004,28905.006
50,2017-07-31,20180.346,17159.912,20274.8,23064.887,21258.422
50,2017-08-01,24394.285,20687.236,23773.482,28889.027,23116.371
51,2017-07-19,26046.213,23474.387,25765.29,28914.506,26832.68
51,2017-07-20,17116.383,15544.18,17126.758,18964.805,17562.664
51,2017-07-21,25913.105,23573.287,25867.262,28458.396,26286.908
51,2017-07-22,25927.125,23166.553,25668.984,29246.305,24646.2
51,2017-07-23,28956.055,26129.123,28913.96,31578.352,23243.918
51,2017-07-24,21198.045,18646.725,21149.86,23970.48,25309.883
51,2017-07-25,18593.76,16724.879,18430.486,20752.785,21278.684
51,2017-07-26,24682.035,22171.773,24611.59,28106.531,25735.89
51,2017-07-27,16797.31,14252.284,16834.375,19198.432,17206.98
51,2017-07-28,25043.342,22420.79,25054.71,27631.568,25944.219
51,2017-07-29,25427.74,22942.977,25654.137,28615.746,25381.373
51,2017-07-30,28730.318,25354.77,28545.438,32466.86,31740.34
51,2017-07-31,21388.48,18780.867,21714.295,23685.846,22751.889
51,2017-08-01,21237.883,18187.31,21253.717,24557.508,22518.486
52,2017-07-19,22354.703,20298.35,22388.738,24793.598,23782.068
52,2017-07-20,16259.153,14761.152,16155.815,17713.45,18952.094
52,2017-07-21,21198.947,19290.55,21187.004,23147.549,22549.104
52,2017-07-22,25704.797,22498.982,25873.043,28253.219,25815.777
52,2017-07-23,27272.408,23922.02,27109.643,30624.867,29761.814
52,2017-07-24,20746.775,18541.943,20595.625,23178.977,20484.643
52,2017-07-25,16489.15,14753.1875,16564.455,18392.16,17653.922
52,2017-07-26,21133.662,18446.637,20817.723,24126.523,23978.732
52,2017-07-27,16352.854,14495.582,16470.648,17854.45,17526.184
52,2017-07-28,19610.686,17258.615,19406.555,22245.52,27263.182
52,2017-07-29,25220.537,22482.465,25238.48,27955.33,33950.492
52,2017-07-30,27654.76,24186.71,27364.941,31488.914,26874.2
52,2017-07-31,20610.73,18610.604,20352.566,23411.832,21818.139
52,2017-08-01,19950.178,17080.762,19912.242,23237.713,22481.297
53,2017-07-19,11799.216,10598.98,11675.396,13495.384,11916.738
53,2017-07-20,8116.94,7059.8433,8128.336,9108.818,8971.985
53,2017-07-21,10743.747,8880.649,10798.257,12215.993,12933.369
53,2017-07-22,13968.692,12235.383,13812.285,15474.385,13903.912
53,2017-07-23,15675.11,13398.001,15695.527,17838.121,15274.163
53,2017-07-24,9859.338,8217.427,9936.302,11120.299,11461.163
53,2017-07-25,8764.757,7563.11,8757.086,10014.829,8396.316
53,2017-07-26,11231.559,9355.032,11057.561,12443.713,12397.486
53,2017-07-27,8047.5156,6723.5034,8026.5474,9371.708,7726.7617
53,2017-07-28,11317.67,9620.614,11266.012,13300.813,11183.506
53,2017-07-29,14703.492,12843.541,14392.404,16586.693,14961.537
53,2017-07-30,16599.36,13949.711,16209.804,19434.262,17141.285
53,2017-07-31,10735.961,9175.956,10716.214,12626.664,11274.012
53,2017-08-01,11615.548,9236.789,11166.678,14025.874,12523.915
54,2017-07-19,7518.4595,6429.078,7511.1987,8599.291,7873.941
54,2017-07-20,6776.1763,5797.2393,6705.5454,7749.953,7097.149
54,2017-07-21,7845.9424,6273.473,7819.3164,8995.127,10845.986
54,2017-07-22,10028.394,8011.453,10122.949,11696.257,9739.265
54,2017-07-23,15052.378,12770.375,14909.057,17882.852,16841.418
54,2017-07-24,9499.606,8347.271,9448.555,10705.432,10245.247
54,2017-07-25,8351.361,6974.219,8328.797,10099.068,8241.906
54,2017-07-26,7251.6143,6300.942,7298.4614,8118.7524,6572.494
54,2017-07-27,6675.6577,5454.4253,6704.1753,7706.6523,6911.345
54,2017-07-28,7545.969,6340.835,7531.9404,8692.625,9531.09
54,2017-07-29,10548.973,8957.447,10631.885,11961.935,10878.746
54,2017-07-30,14672.659,11944.068,14684.511,17127.24,15815.71
54,2017-07-31,9175.405,7717.8687,9296.789,10571.191,12830.714
54,2017-08-01,10232.013,7890.2466,10131.289,12587.542,12465.413
