store_nbr,date,mean,p10,p50,p90
44,2017-08-16,40534.836,36024.285,40246.37,45359.305
44,2017-08-17,32989.65,30389.0,32989.11,35889.86
44,2017-08-18,40868.82,36368.844,40936.734,44956.418
44,2017-08-19,49673.25,45203.137,49664.21,54355.96
44,2017-08-20,54715.53,47643.266,54128.805,62177.273
44,2017-08-21,36670.805,33490.258,36626.07,40667.746
44,2017-08-22,33885.207,30515.16,33980.594,36755.516
44,2017-08-23,38384.26,35164.703,38293.07,42414.52
44,2017-08-24,30923.664,28063.05,31098.723,34999.223
44,2017-08-25,37870.875,32856.258,37635.402,41901.363
44,2017-08-26,46984.375,41590.08,47682.17,51400.383
44,2017-08-27,51944.047,46960.26,51898.516,57287.0
44,2017-08-28,34878.35,31464.043,34850.188,38461.52
44,2017-08-29,32551.262,29162.422,32260.908,35989.97
45,2017-08-16,37914.23,33055.3,37534.65,41866.375
45,2017-08-17,30583.725,26481.871,30744.686,34308.734
45,2017-08-18,39798.516,36468.723,39765.707,43745.85
45,2017-08-19,46689.676,42362.16,46583.535,51332.785
45,2017-08-20,52636.566,47196.703,52818.984,58875.945
45,2017-08-21,35269.074,31811.346,34916.484,38300.523
45,2017-08-22,30902.322,28415.51,30723.512,33154.047
45,2017-08-23,33799.24,29746.98,33856.492,37680.69
45,2017-08-24,28134.055,24595.094,27846.281,31626.719
45,2017-08-25,38320.523,33848.65,38591.117,41643.613
45,2017-08-26,43122.49,37680.68,42939.082,47531.477
45,2017-08-27,49709.37,44575.562,49294.06,54659.73
45,2017-08-28,33913.887,29334.373,34204.42,38212.082
45,2017-08-29,30420.42,27043.463,30663.621,33346.66
47,2017-08-16,32484.883,28635.05,32043.254,37088.25
47,2017-08-17,28251.557,25542.873,27974.32,31241.207
47,2017-08-18,35895.094,32612.867,35952.32,39420.324
47,2017-08-19,44374.426,39078.01,44856.6,49033.312
47,2017-08-20,48961.64,43795.77,48048.633,55416.28
47,2017-08-21,32151.377,29807.383,32007.023,35369.766
47,2017-08-22,28703.562,26171.117,28265.312,32275.396
47,2017-08-23,30692.55,27442.082,30741.941,33203.77
47,2017-08-24,25361.137,22530.744,25437.36,28069.602
47,2017-08-25,32003.205,27724.543,32562.451,35420.484
47,2017-08-26,40639.586,36053.758,40479.98,45569.406
47,2017-08-27,46638.676,42399.227,46780.406,50989.93
47,2017-08-28,30321.578,27481.365,29978.445,33341.492
47,2017-08-29,28769.875,25667.252,28477.904,32335.758
