epoch,train_loss,lr,seconds
1,6.750586203528755,0.0009972609476841367,16.26016354560852
2,6.510348222810085,0.0009890738003669028,16.613754749298096
3,6.418860480415785,0.0009755282581475768,16.64192509651184
4,6.362797762847599,0.0009567727288213003,15.605587244033813
5,6.321387014581077,0.0009330127018922195,16.024823665618896
6,6.306547963510531,0.0009045084971874739,15.643521547317505
7,6.2842630890727404,0.0008715724127386972,15.746551990509033
8,6.2708496675121745,0.0008345653031794292,17.09359049797058
9,6.256630726860649,0.0007938926261462366,17.961321592330933
10,6.2566999033954005,0.00075,15.434749603271484
11,6.2246298983829,0.0007033683215379003,16.21126627922058
12,6.2310614427353475,0.0006545084971874739,15.884326457977295
13,6.216287015419239,0.0006039558454088797,18.67035746574402
14,6.196456162219352,0.0005522642316338269,18.34567356109619
15,6.187823098481245,0.0005000000000000002,16.851300954818726
16,6.1760452975799245,0.0004477357683661734,17.185094118118286
17,6.166741727695639,0.00039604415459112036,19.09164309501648
18,6.1535240962512585,0.0003454915028125264,19.541670322418213
19,6.145111536182531,0.00029663167846210003,18.411205291748047
20,6.136468287478102,0.00025000000000000017,19.13033413887024
21,6.128877624189962,0.00020610737385376354,17.79846167564392
22,6.121423041023382,0.00016543469682057108,16.457905292510986
23,6.112450897874803,0.00012842758726130303,16.22247815132141
24,6.114853334463113,9.549150281252637e-05,17.334078788757324
25,6.107005200034579,6.698729810778068e-05,19.08059310913086
26,6.098114652745992,4.322727117869953e-05,17.6883864402771
27,6.099246583856348,2.447174185242324e-05,18.39907693862915
28,6.092322768230206,1.092619963309716e-05,18.453750371932983
29,6.095588621216342,2.7390523158633003e-06,18.07913589477539
30,6.099667771201366,0.0,18.3393452167511
